(eyebrow-sharpe straight line thin, eyebrowcolor black)
(eyebrow-sharpe straight line thin, eyebrowcolor blond)
(eyebrow-sharpe straight line thin, eyebrowcolor brown)
(eyebrow-sharpe straight line thin, eyebrowcolor light brown)
(eyebrow-sharpe straight line thin, eyebrowcolor ginger)
(eyebrow-sharpe straight line thin, eyebrowcolor gray)
(eyebrow-sharpe straight line thin, eyebrowcolor dark bown)
(eyebrow-sharpe straight line thin, eyebrowcolor random)
(eyebrow-sharpe straight line thin, eyebrowcolor)
(eyebrow-sharpe straight line natural, eyebrowcolor black)
(eyebrow-sharpe straight line natural, eyebrowcolor blond)
(eyebrow-sharpe straight line natural, eyebrowcolor brown)
(eyebrow-sharpe straight line natural, eyebrowcolor light brown)
(eyebrow-sharpe straight line natural, eyebrowcolor ginger)
(eyebrow-sharpe straight line natural, eyebrowcolor gray)
(eyebrow-sharpe straight line natural, eyebrowcolor dark bown)
(eyebrow-sharpe straight line natural, eyebrowcolor random)
(eyebrow-sharpe straight line natural, eyebrowcolor)
(eyebrow-sharpe straight line small, eyebrowcolor black)
(eyebrow-sharpe straight line small, eyebrowcolor blond)
(eyebrow-sharpe straight line small, eyebrowcolor brown)
(eyebrow-sharpe straight line small, eyebrowcolor light brown)
(eyebrow-sharpe straight line small, eyebrowcolor ginger)
(eyebrow-sharpe straight line small, eyebrowcolor gray)
(eyebrow-sharpe straight line small, eyebrowcolor dark bown)
(eyebrow-sharpe straight line small, eyebrowcolor random)
(eyebrow-sharpe straight line small, eyebrowcolor)
(eyebrow-sharpe straight line bushy, eyebrowcolor black)
(eyebrow-sharpe straight line bushy, eyebrowcolor blond)
(eyebrow-sharpe straight line bushy, eyebrowcolor brown)
(eyebrow-sharpe straight line bushy, eyebrowcolor light brown)
(eyebrow-sharpe straight line bushy, eyebrowcolor ginger)
(eyebrow-sharpe straight line bushy, eyebrowcolor gray)
(eyebrow-sharpe straight line bushy, eyebrowcolor dark bown)
(eyebrow-sharpe straight line bushy, eyebrowcolor random)
(eyebrow-sharpe straight line bushy, eyebrowcolor)
(eyebrow-sharpe round thin, eyebrowcolor black)
(eyebrow-sharpe round thin, eyebrowcolor blond)
(eyebrow-sharpe round thin, eyebrowcolor brown)
(eyebrow-sharpe round thin, eyebrowcolor light brown)
(eyebrow-sharpe round thin, eyebrowcolor ginger)
(eyebrow-sharpe round thin, eyebrowcolor gray)
(eyebrow-sharpe round thin, eyebrowcolor dark bown)
(eyebrow-sharpe round thin, eyebrowcolor random)
(eyebrow-sharpe round thin, eyebrowcolor)
(eyebrow-sharpe round natural, eyebrowcolor black)
(eyebrow-sharpe round natural, eyebrowcolor blond)
(eyebrow-sharpe round natural, eyebrowcolor brown)
(eyebrow-sharpe round natural, eyebrowcolor light brown)
(eyebrow-sharpe round natural, eyebrowcolor ginger)
(eyebrow-sharpe round natural, eyebrowcolor gray)
(eyebrow-sharpe round natural, eyebrowcolor dark bown)
(eyebrow-sharpe round natural, eyebrowcolor random)
(eyebrow-sharpe round natural, eyebrowcolor)
(eyebrow-sharpe round small, eyebrowcolor black)
(eyebrow-sharpe round small, eyebrowcolor blond)
(eyebrow-sharpe round small, eyebrowcolor brown)
(eyebrow-sharpe round small, eyebrowcolor light brown)
(eyebrow-sharpe round small, eyebrowcolor ginger)
(eyebrow-sharpe round small, eyebrowcolor gray)
(eyebrow-sharpe round small, eyebrowcolor dark bown)
(eyebrow-sharpe round small, eyebrowcolor random)
(eyebrow-sharpe round small, eyebrowcolor)
(eyebrow-sharpe round bushy, eyebrowcolor black)
(eyebrow-sharpe round bushy, eyebrowcolor blond)
(eyebrow-sharpe round bushy, eyebrowcolor brown)
(eyebrow-sharpe round bushy, eyebrowcolor light brown)
(eyebrow-sharpe round bushy, eyebrowcolor ginger)
(eyebrow-sharpe round bushy, eyebrowcolor gray)
(eyebrow-sharpe round bushy, eyebrowcolor dark bown)
(eyebrow-sharpe round bushy, eyebrowcolor random)
(eyebrow-sharpe round bushy, eyebrowcolor)
(eyebrow-sharpe narrow thin, eyebrowcolor black)
(eyebrow-sharpe narrow thin, eyebrowcolor blond)
(eyebrow-sharpe narrow thin, eyebrowcolor brown)
(eyebrow-sharpe narrow thin, eyebrowcolor light brown)
(eyebrow-sharpe narrow thin, eyebrowcolor ginger)
(eyebrow-sharpe narrow thin, eyebrowcolor gray)
(eyebrow-sharpe narrow thin, eyebrowcolor dark bown)
(eyebrow-sharpe narrow thin, eyebrowcolor random)
(eyebrow-sharpe narrow thin, eyebrowcolor)
(eyebrow-sharpe narrow natural, eyebrowcolor black)
(eyebrow-sharpe narrow natural, eyebrowcolor blond)
(eyebrow-sharpe narrow natural, eyebrowcolor brown)
(eyebrow-sharpe narrow natural, eyebrowcolor light brown)
(eyebrow-sharpe narrow natural, eyebrowcolor ginger)
(eyebrow-sharpe narrow natural, eyebrowcolor gray)
(eyebrow-sharpe narrow natural, eyebrowcolor dark bown)
(eyebrow-sharpe narrow natural, eyebrowcolor random)
(eyebrow-sharpe narrow natural, eyebrowcolor)
(eyebrow-sharpe narrow small, eyebrowcolor black)
(eyebrow-sharpe narrow small, eyebrowcolor blond)
(eyebrow-sharpe narrow small, eyebrowcolor brown)
(eyebrow-sharpe narrow small, eyebrowcolor light brown)
(eyebrow-sharpe narrow small, eyebrowcolor ginger)
(eyebrow-sharpe narrow small, eyebrowcolor gray)
(eyebrow-sharpe narrow small, eyebrowcolor dark bown)
(eyebrow-sharpe narrow small, eyebrowcolor random)
(eyebrow-sharpe narrow small, eyebrowcolor)
(eyebrow-sharpe narrow bushy, eyebrowcolor black)
(eyebrow-sharpe narrow bushy, eyebrowcolor blond)
(eyebrow-sharpe narrow bushy, eyebrowcolor brown)
(eyebrow-sharpe narrow bushy, eyebrowcolor light brown)
(eyebrow-sharpe narrow bushy, eyebrowcolor ginger)
(eyebrow-sharpe narrow bushy, eyebrowcolor gray)
(eyebrow-sharpe narrow bushy, eyebrowcolor dark bown)
(eyebrow-sharpe narrow bushy, eyebrowcolor random)
(eyebrow-sharpe narrow bushy, eyebrowcolor)
(eyebrow-sharpe sophisticated thin, eyebrowcolor black)
(eyebrow-sharpe sophisticated thin, eyebrowcolor blond)
(eyebrow-sharpe sophisticated thin, eyebrowcolor brown)
(eyebrow-sharpe sophisticated thin, eyebrowcolor light brown)
(eyebrow-sharpe sophisticated thin, eyebrowcolor ginger)
(eyebrow-sharpe sophisticated thin, eyebrowcolor gray)
(eyebrow-sharpe sophisticated thin, eyebrowcolor dark bown)
(eyebrow-sharpe sophisticated thin, eyebrowcolor random)
(eyebrow-sharpe sophisticated thin, eyebrowcolor)
(eyebrow-sharpe sophisticated natural, eyebrowcolor black)
(eyebrow-sharpe sophisticated natural, eyebrowcolor blond)
(eyebrow-sharpe sophisticated natural, eyebrowcolor brown)
(eyebrow-sharpe sophisticated natural, eyebrowcolor light brown)
(eyebrow-sharpe sophisticated natural, eyebrowcolor ginger)
(eyebrow-sharpe sophisticated natural, eyebrowcolor gray)
(eyebrow-sharpe sophisticated natural, eyebrowcolor dark bown)
(eyebrow-sharpe sophisticated natural, eyebrowcolor random)
(eyebrow-sharpe sophisticated natural, eyebrowcolor)
(eyebrow-sharpe sophisticated small, eyebrowcolor black)
(eyebrow-sharpe sophisticated small, eyebrowcolor blond)
(eyebrow-sharpe sophisticated small, eyebrowcolor brown)
(eyebrow-sharpe sophisticated small, eyebrowcolor light brown)
(eyebrow-sharpe sophisticated small, eyebrowcolor ginger)
(eyebrow-sharpe sophisticated small, eyebrowcolor gray)
(eyebrow-sharpe sophisticated small, eyebrowcolor dark bown)
(eyebrow-sharpe sophisticated small, eyebrowcolor random)
(eyebrow-sharpe sophisticated small, eyebrowcolor)
(eyebrow-sharpe sophisticated bushy, eyebrowcolor black)
(eyebrow-sharpe sophisticated bushy, eyebrowcolor blond)
(eyebrow-sharpe sophisticated bushy, eyebrowcolor brown)
(eyebrow-sharpe sophisticated bushy, eyebrowcolor light brown)
(eyebrow-sharpe sophisticated bushy, eyebrowcolor ginger)
(eyebrow-sharpe sophisticated bushy, eyebrowcolor gray)
(eyebrow-sharpe sophisticated bushy, eyebrowcolor dark bown)
(eyebrow-sharpe sophisticated bushy, eyebrowcolor random)
(eyebrow-sharpe sophisticated bushy, eyebrowcolor)
(eyebrow-sharpe exotic thin, eyebrowcolor black)
(eyebrow-sharpe exotic thin, eyebrowcolor blond)
(eyebrow-sharpe exotic thin, eyebrowcolor brown)
(eyebrow-sharpe exotic thin, eyebrowcolor light brown)
(eyebrow-sharpe exotic thin, eyebrowcolor ginger)
(eyebrow-sharpe exotic thin, eyebrowcolor gray)
(eyebrow-sharpe exotic thin, eyebrowcolor dark bown)
(eyebrow-sharpe exotic thin, eyebrowcolor random)
(eyebrow-sharpe exotic thin, eyebrowcolor)
(eyebrow-sharpe exotic natural, eyebrowcolor black)
(eyebrow-sharpe exotic natural, eyebrowcolor blond)
(eyebrow-sharpe exotic natural, eyebrowcolor brown)
(eyebrow-sharpe exotic natural, eyebrowcolor light brown)
(eyebrow-sharpe exotic natural, eyebrowcolor ginger)
(eyebrow-sharpe exotic natural, eyebrowcolor gray)
(eyebrow-sharpe exotic natural, eyebrowcolor dark bown)
(eyebrow-sharpe exotic natural, eyebrowcolor random)
(eyebrow-sharpe exotic natural, eyebrowcolor)
(eyebrow-sharpe exotic small, eyebrowcolor black)
(eyebrow-sharpe exotic small, eyebrowcolor blond)
(eyebrow-sharpe exotic small, eyebrowcolor brown)
(eyebrow-sharpe exotic small, eyebrowcolor light brown)
(eyebrow-sharpe exotic small, eyebrowcolor ginger)
(eyebrow-sharpe exotic small, eyebrowcolor gray)
(eyebrow-sharpe exotic small, eyebrowcolor dark bown)
(eyebrow-sharpe exotic small, eyebrowcolor random)
(eyebrow-sharpe exotic small, eyebrowcolor)
(eyebrow-sharpe exotic bushy, eyebrowcolor black)
(eyebrow-sharpe exotic bushy, eyebrowcolor blond)
(eyebrow-sharpe exotic bushy, eyebrowcolor brown)
(eyebrow-sharpe exotic bushy, eyebrowcolor light brown)
(eyebrow-sharpe exotic bushy, eyebrowcolor ginger)
(eyebrow-sharpe exotic bushy, eyebrowcolor gray)
(eyebrow-sharpe exotic bushy, eyebrowcolor dark bown)
(eyebrow-sharpe exotic bushy, eyebrowcolor random)
(eyebrow-sharpe exotic bushy, eyebrowcolor)
(eyebrow-sharpe gradual thin, eyebrowcolor black)
(eyebrow-sharpe gradual thin, eyebrowcolor blond)
(eyebrow-sharpe gradual thin, eyebrowcolor brown)
(eyebrow-sharpe gradual thin, eyebrowcolor light brown)
(eyebrow-sharpe gradual thin, eyebrowcolor ginger)
(eyebrow-sharpe gradual thin, eyebrowcolor gray)
(eyebrow-sharpe gradual thin, eyebrowcolor dark bown)
(eyebrow-sharpe gradual thin, eyebrowcolor random)
(eyebrow-sharpe gradual thin, eyebrowcolor)
(eyebrow-sharpe gradual natural, eyebrowcolor black)
(eyebrow-sharpe gradual natural, eyebrowcolor blond)
(eyebrow-sharpe gradual natural, eyebrowcolor brown)
(eyebrow-sharpe gradual natural, eyebrowcolor light brown)
(eyebrow-sharpe gradual natural, eyebrowcolor ginger)
(eyebrow-sharpe gradual natural, eyebrowcolor gray)
(eyebrow-sharpe gradual natural, eyebrowcolor dark bown)
(eyebrow-sharpe gradual natural, eyebrowcolor random)
(eyebrow-sharpe gradual natural, eyebrowcolor)
(eyebrow-sharpe gradual small, eyebrowcolor black)
(eyebrow-sharpe gradual small, eyebrowcolor blond)
(eyebrow-sharpe gradual small, eyebrowcolor brown)
(eyebrow-sharpe gradual small, eyebrowcolor light brown)
(eyebrow-sharpe gradual small, eyebrowcolor ginger)
(eyebrow-sharpe gradual small, eyebrowcolor gray)
(eyebrow-sharpe gradual small, eyebrowcolor dark bown)
(eyebrow-sharpe gradual small, eyebrowcolor random)
(eyebrow-sharpe gradual small, eyebrowcolor)
(eyebrow-sharpe gradual bushy, eyebrowcolor black)
(eyebrow-sharpe gradual bushy, eyebrowcolor blond)
(eyebrow-sharpe gradual bushy, eyebrowcolor brown)
(eyebrow-sharpe gradual bushy, eyebrowcolor light brown)
(eyebrow-sharpe gradual bushy, eyebrowcolor ginger)
(eyebrow-sharpe gradual bushy, eyebrowcolor gray)
(eyebrow-sharpe gradual bushy, eyebrowcolor dark bown)
(eyebrow-sharpe gradual bushy, eyebrowcolor random)
(eyebrow-sharpe gradual bushy, eyebrowcolor)
(eyebrow-sharpe peek thin, eyebrowcolor black)
(eyebrow-sharpe peek thin, eyebrowcolor blond)
(eyebrow-sharpe peek thin, eyebrowcolor brown)
(eyebrow-sharpe peek thin, eyebrowcolor light brown)
(eyebrow-sharpe peek thin, eyebrowcolor ginger)
(eyebrow-sharpe peek thin, eyebrowcolor gray)
(eyebrow-sharpe peek thin, eyebrowcolor dark bown)
(eyebrow-sharpe peek thin, eyebrowcolor random)
(eyebrow-sharpe peek thin, eyebrowcolor)
(eyebrow-sharpe peek natural, eyebrowcolor black)
(eyebrow-sharpe peek natural, eyebrowcolor blond)
(eyebrow-sharpe peek natural, eyebrowcolor brown)
(eyebrow-sharpe peek natural, eyebrowcolor light brown)
(eyebrow-sharpe peek natural, eyebrowcolor ginger)
(eyebrow-sharpe peek natural, eyebrowcolor gray)
(eyebrow-sharpe peek natural, eyebrowcolor dark bown)
(eyebrow-sharpe peek natural, eyebrowcolor random)
(eyebrow-sharpe peek natural, eyebrowcolor)
(eyebrow-sharpe peek small, eyebrowcolor black)
(eyebrow-sharpe peek small, eyebrowcolor blond)
(eyebrow-sharpe peek small, eyebrowcolor brown)
(eyebrow-sharpe peek small, eyebrowcolor light brown)
(eyebrow-sharpe peek small, eyebrowcolor ginger)
(eyebrow-sharpe peek small, eyebrowcolor gray)
(eyebrow-sharpe peek small, eyebrowcolor dark bown)
(eyebrow-sharpe peek small, eyebrowcolor random)
(eyebrow-sharpe peek small, eyebrowcolor)
(eyebrow-sharpe peek bushy, eyebrowcolor black)
(eyebrow-sharpe peek bushy, eyebrowcolor blond)
(eyebrow-sharpe peek bushy, eyebrowcolor brown)
(eyebrow-sharpe peek bushy, eyebrowcolor light brown)
(eyebrow-sharpe peek bushy, eyebrowcolor ginger)
(eyebrow-sharpe peek bushy, eyebrowcolor gray)
(eyebrow-sharpe peek bushy, eyebrowcolor dark bown)
(eyebrow-sharpe peek bushy, eyebrowcolor random)
(eyebrow-sharpe peek bushy, eyebrowcolor)
(eyebrow-sharpe sleek thin, eyebrowcolor black)
(eyebrow-sharpe sleek thin, eyebrowcolor blond)
(eyebrow-sharpe sleek thin, eyebrowcolor brown)
(eyebrow-sharpe sleek thin, eyebrowcolor light brown)
(eyebrow-sharpe sleek thin, eyebrowcolor ginger)
(eyebrow-sharpe sleek thin, eyebrowcolor gray)
(eyebrow-sharpe sleek thin, eyebrowcolor dark bown)
(eyebrow-sharpe sleek thin, eyebrowcolor random)
(eyebrow-sharpe sleek thin, eyebrowcolor)
(eyebrow-sharpe sleek natural, eyebrowcolor black)
(eyebrow-sharpe sleek natural, eyebrowcolor blond)
(eyebrow-sharpe sleek natural, eyebrowcolor brown)
(eyebrow-sharpe sleek natural, eyebrowcolor light brown)
(eyebrow-sharpe sleek natural, eyebrowcolor ginger)
(eyebrow-sharpe sleek natural, eyebrowcolor gray)
(eyebrow-sharpe sleek natural, eyebrowcolor dark bown)
(eyebrow-sharpe sleek natural, eyebrowcolor random)
(eyebrow-sharpe sleek natural, eyebrowcolor)
(eyebrow-sharpe sleek small, eyebrowcolor black)
(eyebrow-sharpe sleek small, eyebrowcolor blond)
(eyebrow-sharpe sleek small, eyebrowcolor brown)
(eyebrow-sharpe sleek small, eyebrowcolor light brown)
(eyebrow-sharpe sleek small, eyebrowcolor ginger)
(eyebrow-sharpe sleek small, eyebrowcolor gray)
(eyebrow-sharpe sleek small, eyebrowcolor dark bown)
(eyebrow-sharpe sleek small, eyebrowcolor random)
(eyebrow-sharpe sleek small, eyebrowcolor)
(eyebrow-sharpe sleek bushy, eyebrowcolor black)
(eyebrow-sharpe sleek bushy, eyebrowcolor blond)
(eyebrow-sharpe sleek bushy, eyebrowcolor brown)
(eyebrow-sharpe sleek bushy, eyebrowcolor light brown)
(eyebrow-sharpe sleek bushy, eyebrowcolor ginger)
(eyebrow-sharpe sleek bushy, eyebrowcolor gray)
(eyebrow-sharpe sleek bushy, eyebrowcolor dark bown)
(eyebrow-sharpe sleek bushy, eyebrowcolor random)
(eyebrow-sharpe sleek bushy, eyebrowcolor)
(eyebrow-sharpe straight thin, eyebrowcolor black)
(eyebrow-sharpe straight thin, eyebrowcolor blond)
(eyebrow-sharpe straight thin, eyebrowcolor brown)
(eyebrow-sharpe straight thin, eyebrowcolor light brown)
(eyebrow-sharpe straight thin, eyebrowcolor ginger)
(eyebrow-sharpe straight thin, eyebrowcolor gray)
(eyebrow-sharpe straight thin, eyebrowcolor dark bown)
(eyebrow-sharpe straight thin, eyebrowcolor random)
(eyebrow-sharpe straight thin, eyebrowcolor)
(eyebrow-sharpe straight natural, eyebrowcolor black)
(eyebrow-sharpe straight natural, eyebrowcolor blond)
(eyebrow-sharpe straight natural, eyebrowcolor brown)
(eyebrow-sharpe straight natural, eyebrowcolor light brown)
(eyebrow-sharpe straight natural, eyebrowcolor ginger)
(eyebrow-sharpe straight natural, eyebrowcolor gray)
(eyebrow-sharpe straight natural, eyebrowcolor dark bown)
(eyebrow-sharpe straight natural, eyebrowcolor random)
(eyebrow-sharpe straight natural, eyebrowcolor)
(eyebrow-sharpe straight small, eyebrowcolor black)
(eyebrow-sharpe straight small, eyebrowcolor blond)
(eyebrow-sharpe straight small, eyebrowcolor brown)
(eyebrow-sharpe straight small, eyebrowcolor light brown)
(eyebrow-sharpe straight small, eyebrowcolor ginger)
(eyebrow-sharpe straight small, eyebrowcolor gray)
(eyebrow-sharpe straight small, eyebrowcolor dark bown)
(eyebrow-sharpe straight small, eyebrowcolor random)
(eyebrow-sharpe straight small, eyebrowcolor)
(eyebrow-sharpe straight bushy, eyebrowcolor black)
(eyebrow-sharpe straight bushy, eyebrowcolor blond)
(eyebrow-sharpe straight bushy, eyebrowcolor brown)
(eyebrow-sharpe straight bushy, eyebrowcolor light brown)
(eyebrow-sharpe straight bushy, eyebrowcolor ginger)
(eyebrow-sharpe straight bushy, eyebrowcolor gray)
(eyebrow-sharpe straight bushy, eyebrowcolor dark bown)
(eyebrow-sharpe straight bushy, eyebrowcolor random)
(eyebrow-sharpe straight bushy, eyebrowcolor)
(eyebrow-sharpe arched thin, eyebrowcolor black)
(eyebrow-sharpe arched thin, eyebrowcolor blond)
(eyebrow-sharpe arched thin, eyebrowcolor brown)
(eyebrow-sharpe arched thin, eyebrowcolor light brown)
(eyebrow-sharpe arched thin, eyebrowcolor ginger)
(eyebrow-sharpe arched thin, eyebrowcolor gray)
(eyebrow-sharpe arched thin, eyebrowcolor dark bown)
(eyebrow-sharpe arched thin, eyebrowcolor random)
(eyebrow-sharpe arched thin, eyebrowcolor)
(eyebrow-sharpe arched natural, eyebrowcolor black)
(eyebrow-sharpe arched natural, eyebrowcolor blond)
(eyebrow-sharpe arched natural, eyebrowcolor brown)
(eyebrow-sharpe arched natural, eyebrowcolor light brown)
(eyebrow-sharpe arched natural, eyebrowcolor ginger)
(eyebrow-sharpe arched natural, eyebrowcolor gray)
(eyebrow-sharpe arched natural, eyebrowcolor dark bown)
(eyebrow-sharpe arched natural, eyebrowcolor random)
(eyebrow-sharpe arched natural, eyebrowcolor)
(eyebrow-sharpe arched small, eyebrowcolor black)
(eyebrow-sharpe arched small, eyebrowcolor blond)
(eyebrow-sharpe arched small, eyebrowcolor brown)
(eyebrow-sharpe arched small, eyebrowcolor light brown)
(eyebrow-sharpe arched small, eyebrowcolor ginger)
(eyebrow-sharpe arched small, eyebrowcolor gray)
(eyebrow-sharpe arched small, eyebrowcolor dark bown)
(eyebrow-sharpe arched small, eyebrowcolor random)
(eyebrow-sharpe arched small, eyebrowcolor)
(eyebrow-sharpe arched bushy, eyebrowcolor black)
(eyebrow-sharpe arched bushy, eyebrowcolor blond)
(eyebrow-sharpe arched bushy, eyebrowcolor brown)
(eyebrow-sharpe arched bushy, eyebrowcolor light brown)
(eyebrow-sharpe arched bushy, eyebrowcolor ginger)
(eyebrow-sharpe arched bushy, eyebrowcolor gray)
(eyebrow-sharpe arched bushy, eyebrowcolor dark bown)
(eyebrow-sharpe arched bushy, eyebrowcolor random)
(eyebrow-sharpe arched bushy, eyebrowcolor )
(eyebrow-sharpe s-sharpe thin, eyebrowcolor black)
(eyebrow-sharpe s-sharpe thin, eyebrowcolor blond)
(eyebrow-sharpe s-sharpe thin, eyebrowcolor brown)
(eyebrow-sharpe s-sharpe thin, eyebrowcolor light brown)
(eyebrow-sharpe s-sharpe thin, eyebrowcolor ginger)
(eyebrow-sharpe s-sharpe thin, eyebrowcolor gray)
(eyebrow-sharpe s-sharpe thin, eyebrowcolor dark bown)
(eyebrow-sharpe s-sharpe thin, eyebrowcolor random)
(eyebrow-sharpe s-sharpe thin, eyebrowcolor )
(eyebrow-sharpe s-sharpe natural, eyebrowcolor black)
(eyebrow-sharpe s-sharpe natural, eyebrowcolor blond)
(eyebrow-sharpe s-sharpe natural, eyebrowcolor brown)
(eyebrow-sharpe s-sharpe natural, eyebrowcolor light brown)
(eyebrow-sharpe s-sharpe natural, eyebrowcolor ginger)
(eyebrow-sharpe s-sharpe natural, eyebrowcolor gray)
(eyebrow-sharpe s-sharpe natural, eyebrowcolor dark bown)
(eyebrow-sharpe s-sharpe natural, eyebrowcolor random)
(eyebrow-sharpe s-sharpe natural, eyebrowcolor)
(eyebrow-sharpe s-sharpe small, eyebrowcolor black)
(eyebrow-sharpe s-sharpe small, eyebrowcolor blond)
(eyebrow-sharpe s-sharpe small, eyebrowcolor brown)
(eyebrow-sharpe s-sharpe small, eyebrowcolor light brown)
(eyebrow-sharpe s-sharpe small, eyebrowcolor ginger)
(eyebrow-sharpe s-sharpe small, eyebrowcolor gray)
(eyebrow-sharpe s-sharpe small, eyebrowcolor dark bown)
(eyebrow-sharpe s-sharpe small, eyebrowcolor random)
(eyebrow-sharpe s-sharpe small, eyebrowcolor)
(eyebrow-sharpe s-sharpe bushy, eyebrowcolor black)
(eyebrow-sharpe s-sharpe bushy, eyebrowcolor blond)
(eyebrow-sharpe s-sharpe bushy, eyebrowcolor brown)
(eyebrow-sharpe s-sharpe bushy, eyebrowcolor light brown)
(eyebrow-sharpe s-sharpe bushy, eyebrowcolor ginger)
(eyebrow-sharpe s-sharpe bushy, eyebrowcolor gray)
(eyebrow-sharpe s-sharpe bushy, eyebrowcolor dark bown)
(eyebrow-sharpe s-sharpe bushy, eyebrowcolor random)
(eyebrow-sharpe s-sharpe bushy, eyebrowcolor)
(eyebrow-sharpe line thin, eyebrowcolor black)
(eyebrow-sharpe line thin, eyebrowcolor blond)
(eyebrow-sharpe line thin, eyebrowcolor brown)
(eyebrow-sharpe line thin, eyebrowcolor light brown)
(eyebrow-sharpe line thin, eyebrowcolor ginger)
(eyebrow-sharpe line thin, eyebrowcolor gray)
(eyebrow-sharpe line thin, eyebrowcolor dark bown)
(eyebrow-sharpe line thin, eyebrowcolor random)
(eyebrow-sharpe line thin, eyebrowcolor)
(eyebrow-sharpe line natural, eyebrowcolor black)
(eyebrow-sharpe line natural, eyebrowcolor blond)
(eyebrow-sharpe line natural, eyebrowcolor brown)
(eyebrow-sharpe line natural, eyebrowcolor light brown)
(eyebrow-sharpe line natural, eyebrowcolor ginger)
(eyebrow-sharpe line natural, eyebrowcolor gray)
(eyebrow-sharpe line natural, eyebrowcolor dark bown)
(eyebrow-sharpe line natural, eyebrowcolor random)
(eyebrow-sharpe line natural, eyebrowcolor)
(eyebrow-sharpe line small, eyebrowcolor black)
(eyebrow-sharpe line small, eyebrowcolor blond)
(eyebrow-sharpe line small, eyebrowcolor brown)
(eyebrow-sharpe line small, eyebrowcolor light brown)
(eyebrow-sharpe line small, eyebrowcolor ginger)
(eyebrow-sharpe line small, eyebrowcolor gray)
(eyebrow-sharpe line small, eyebrowcolor dark bown)
(eyebrow-sharpe line small, eyebrowcolor random)
(eyebrow-sharpe line small, eyebrowcolor)
(eyebrow-sharpe line bushy, eyebrowcolor black)
(eyebrow-sharpe line bushy, eyebrowcolor blond)
(eyebrow-sharpe line bushy, eyebrowcolor brown)
(eyebrow-sharpe line bushy, eyebrowcolor light brown)
(eyebrow-sharpe line bushy, eyebrowcolor ginger)
(eyebrow-sharpe line bushy, eyebrowcolor gray)
(eyebrow-sharpe line bushy, eyebrowcolor dark bown)
(eyebrow-sharpe line bushy, eyebrowcolor random)
(eyebrow-sharpe line bushy, eyebrowcolor)
